{"cameraMode":{"drawMode":0,"name":"Shaded","section":"Shading Mode"},"sceneLighting":false,"audioPlay":false,"sceneViewState":{"showFog":true,"showMaterialUpdate":false,"showSkybox":false,"showFlares":true,"showImageEffects":true,"showParticleSystems":true},"in2DMode":false,"pivot":{"x":6.275084972381592,"y":3.5630736351013185,"z":-5.744093418121338},"rotation":{"x":-0.2306564599275589,"y":0.022481851279735566,"z":-0.005283648613840342,"w":-0.9727875590324402},"size":20.226816177368165,"orthographic":false}