{"cameraMode":{"drawMode":0,"name":"Shaded","section":"Shading Mode"},"sceneLighting":false,"audioPlay":false,"sceneViewState":{"showFog":true,"showMaterialUpdate":false,"showSkybox":false,"showFlares":true,"showImageEffects":true,"showParticleSystems":true},"in2DMode":false,"pivot":{"x":-6.386281490325928,"y":3.4598498344421388,"z":7.03465461730957},"rotation":{"x":-0.05864778906106949,"y":-0.065243661403656,"z":0.0038844645023345949,"w":-0.9961631298065186},"size":8.420730590820313,"orthographic":false}