{"cameraMode":{"drawMode":0,"name":"Shaded","section":"Shading Mode"},"sceneLighting":false,"audioPlay":false,"sceneViewState":{"showFog":true,"showMaterialUpdate":false,"showSkybox":false,"showFlares":true,"showImageEffects":true,"showParticleSystems":true},"in2DMode":false,"pivot":{"x":-5.440000057220459,"y":1.940000057220459,"z":-4.730000019073486},"rotation":{"x":-0.2306564599275589,"y":0.022481851279735566,"z":-0.005283648613840342,"w":-0.9727875590324402},"size":22.0,"orthographic":false}