{"cameraMode":{"drawMode":0,"name":"Shaded","section":"Shading Mode"},"sceneLighting":true,"audioPlay":false,"sceneViewState":{"showFog":true,"showMaterialUpdate":false,"showSkybox":true,"showFlares":true,"showImageEffects":true,"showParticleSystems":true},"in2DMode":false,"pivot":{"x":-12.340375900268555,"y":-3.5982699394226076,"z":8.053905487060547},"rotation":{"x":-0.2510623037815094,"y":-0.016835501417517663,"z":0.004417058080434799,"w":-0.9678460359573364},"size":8.182906150817871,"orthographic":false}